item;codigo;descricao;livres;alimentos;alimentos_in_natura;alimentos_semi_elaborados;alimentos_industrializados;servicos;servicos_subjacente;servicos_ex_subjacente;duraveis;semi_duraveis;nao_duraveis;bens_industriais;monitorados;nao_comercializaveis;comercializaveis;nucleo_ex0;nucleo_ex1;nucleo_ex2;nucleo_ex3
Índice geral;0;Índice geral;0;0;0;0;0;0;0;0;0;0;0;0;0;0;0;0;0;0;0
1.Alimentação e bebidas;1;Alimentação e bebidas;1;0;0;0;0;0;0;0;0;0;0;0;0;0;1;1;1;1;1
11.Alimentação no domicílio;11;Alimentação no domicílio;1;1;0;0;0;0;0;0;0;0;1;1;0;0;1;0;1;1;0
1101.Cereais, leguminosas e oleaginosas;1101;Cereais, leguminosas e oleaginosas;1;1;0;1;0;0;0;0;0;0;1;1;0;0;1;0;0;0;0
1101002.Arroz;1101002;Arroz;1;1;0;1;0;0;0;0;0;0;1;1;0;0;1;0;0;0;0
1101051.Feijão - mulatinho;1101051;Feijão - mulatinho;1;1;0;1;0;0;0;0;0;0;1;1;0;1;0;0;0;0;0
1101052.Feijão - preto;1101052;Feijão - preto;1;1;0;1;0;0;0;0;0;0;1;1;0;1;0;0;0;0;0
1101053.Feijão - macáçar (fradinho);1101053;Feijão - macáçar (fradinho);1;1;0;1;0;0;0;0;0;0;1;1;0;1;0;0;0;0;0
1101073.Feijão - carioca (rajado);1101073;Feijão - carioca (rajado);1;1;0;1;0;0;0;0;0;0;1;1;0;1;0;0;0;0;0
1101079.Milho (em grão);1101079;Milho (em grão);1;1;0;1;0;0;0;0;0;0;1;1;0;0;1;0;0;0;0
1102.Farinhas, féculas e massas;1102;Farinhas, féculas e massas;1;1;0;0;1;0;0;0;0;0;1;1;0;0;1;0;1;0;0
1102001.Farinha de arroz;1102001;Farinha de arroz;1;1;0;0;1;0;0;0;0;0;1;1;0;0;1;0;1;0;0
1102006.Macarrão;1102006;Macarrão;1;1;0;0;1;0;0;0;0;0;1;1;0;0;1;0;1;0;0
1102008.Fubá de milho;1102008;Fubá de milho;1;1;0;0;1;0;0;0;0;0;1;1;0;0;1;0;1;0;0
1102010.Flocos de milho;1102010;Flocos de milho;1;1;0;0;1;0;0;0;0;0;1;1;0;1;0;0;1;0;0
1102012.Farinha de trigo;1102012;Farinha de trigo;1;1;0;0;1;0;0;0;0;0;1;1;0;0;1;0;1;0;0
1102023.Farinha de mandioca;1102023;Farinha de mandioca;1;1;0;0;1;0;0;0;0;0;1;1;0;1;0;0;1;0;0
1102029.Massa semipreparada;1102029;Massa semipreparada;1;1;0;0;1;0;0;0;0;0;1;1;0;0;1;0;1;0;0
1102061.Macarrão instantâneo;1102061;Macarrão instantâneo;1;1;0;0;1;0;0;0;0;0;1;1;0;0;1;0;1;0;0
1103.Tubérculos, raízes e legumes;1103;Tubérculos, raízes e legumes;1;1;1;0;0;0;0;0;0;0;1;1;0;1;0;0;0;0;0
1103002.Batata-doce;1103002;Batata-doce;1;1;1;0;0;0;0;0;0;0;1;1;0;1;0;0;0;0;0
1103003.Batata-inglesa;1103003;Batata-inglesa;1;1;1;0;0;0;0;0;0;0;1;1;0;1;0;0;0;0;0
1103004.Inhame;1103004;Inhame;1;1;1;0;0;0;0;0;0;0;1;1;0;1;0;0;0;0;0
1103005.Mandioca (aipim);1103005;Mandioca (aipim);1;1;1;0;0;0;0;0;0;0;1;1;0;1;0;0;0;0;0
1103020.Abobrinha;1103020;Abobrinha;1;1;1;0;0;0;0;0;0;0;1;1;0;1;0;0;0;0;0
1103025.Pepino;1103025;Pepino;1;1;1;0;0;0;0;0;0;0;1;1;0;1;0;0;0;0;0
1103026.Pimentão;1103026;Pimentão;1;1;1;0;0;0;0;0;0;0;1;1;0;1;0;0;0;0;0
1103028.Tomate;1103028;Tomate;1;1;1;0;0;0;0;0;0;0;1;1;0;1;0;0;0;0;0
1103043.Cebola;1103043;Cebola;1;1;1;0;0;0;0;0;0;0;1;1;0;1;0;0;0;0;0
1103044.Cenoura;1103044;Cenoura;1;1;1;0;0;0;0;0;0;0;1;1;0;1;0;0;0;0;0
1104.Açúcares e derivados;1104;Açúcares e derivados;1;1;0;0;1;0;0;0;0;0;1;1;0;0;1;0;0;0;0
1104003.Açúcar refinado;1104003;Açúcar refinado;1;1;0;0;1;0;0;0;0;0;1;1;0;0;1;0;0;0;0
1104004.Açúcar cristal;1104004;Açúcar cristal;1;1;0;0;1;0;0;0;0;0;1;1;0;0;1;0;0;0;0
1104018.Balas;1104018;Balas;1;1;0;0;1;0;0;0;0;0;1;1;0;0;1;0;0;0;0
1104023.Chocolate em barra e bombom;1104023;Chocolate em barra e bombom;1;1;0;0;1;0;0;0;0;0;1;1;0;0;1;0;0;0;0
1104032.Sorvete;1104032;Sorvete;1;1;0;0;1;0;0;0;0;0;1;1;0;0;1;0;0;0;0
1104052.Chocolate e achocolatado em pó;1104052;Chocolate e achocolatado em pó;1;1;0;0;1;0;0;0;0;0;1;1;0;0;1;0;0;0;0
1104060.Doce de frutas em pasta;1104060;Doce de frutas em pasta;1;1;0;0;1;0;0;0;0;0;1;1;0;0;1;0;0;0;0
1104067.Açúcar demerara;1104067;Açúcar demerara;1;1;0;0;1;0;0;0;0;0;1;1;0;0;1;0;0;0;0
1105.Hortaliças e verduras;1105;Hortaliças e verduras;1;1;1;0;0;0;0;0;0;0;1;1;0;1;0;0;0;0;0
1105001.Alface;1105001;Alface;1;1;1;0;0;0;0;0;0;0;1;1;0;1;0;0;0;0;0
1105004.Coentro;1105004;Coentro;1;1;1;0;0;0;0;0;0;0;1;1;0;1;0;0;0;0;0
1105005.Couve;1105005;Couve;1;1;1;0;0;0;0;0;0;0;1;1;0;1;0;0;0;0;0
1105006.Couve-flor;1105006;Couve-flor;1;1;1;0;0;0;0;0;0;0;1;1;0;1;0;0;0;0;0
1105010.Repolho;1105010;Repolho;1;1;1;0;0;0;0;0;0;0;1;1;0;1;0;0;0;0;0
1105012.Cheiro-verde;1105012;Cheiro-verde;1;1;1;0;0;0;0;0;0;0;1;1;0;1;0;0;0;0;0
1105019.Brócolis;1105019;Brócolis;1;1;1;0;0;0;0;0;0;0;1;1;0;1;0;0;0;0;0
1106.Frutas;1106;Frutas;1;1;1;0;0;0;0;0;0;0;1;1;0;0;1;0;0;0;0
1106001.Banana-da-terra;1106001;Banana-da-terra;1;1;1;0;0;0;0;0;0;0;1;1;0;0;1;0;0;0;0
1106003.Abacaxi;1106003;Abacaxi;1;1;1;0;0;0;0;0;0;0;1;1;0;0;1;0;0;0;0
1106004.Abacate;1106004;Abacate;1;1;1;0;0;0;0;0;0;0;1;1;0;0;1;0;0;0;0
1106005.Banana - d'água;1106005;Banana - d'água;1;1;1;0;0;0;0;0;0;0;1;1;0;0;1;0;0;0;0
1106006.Banana - maçã;1106006;Banana - maçã;1;1;1;0;0;0;0;0;0;0;1;1;0;0;1;0;0;0;0
1106008.Banana - prata;1106008;Banana - prata;1;1;1;0;0;0;0;0;0;0;1;1;0;0;1;0;0;0;0
1106011.Laranja - baía;1106011;Laranja - baía;1;1;1;0;0;0;0;0;0;0;1;1;0;0;1;0;0;0;0
1106012.Laranja - lima;1106012;Laranja - lima;1;1;1;0;0;0;0;0;0;0;1;1;0;0;1;0;0;0;0
1106015.Limão;1106015;Limão;1;1;1;0;0;0;0;0;0;0;1;1;0;0;1;0;0;0;0
1106017.Maçã;1106017;Maçã;1;1;1;0;0;0;0;0;0;0;1;1;0;0;1;0;0;0;0
1106018.Mamão;1106018;Mamão;1;1;1;0;0;0;0;0;0;0;1;1;0;0;1;0;0;0;0
1106019.Manga;1106019;Manga;1;1;1;0;0;0;0;0;0;0;1;1;0;0;1;0;0;0;0
1106020.Maracujá;1106020;Maracujá;1;1;1;0;0;0;0;0;0;0;1;1;0;0;1;0;0;0;0
1106021.Melancia;1106021;Melancia;1;1;1;0;0;0;0;0;0;0;1;1;0;0;1;0;0;0;0
1106022.Melão;1106022;Melão;1;1;1;0;0;0;0;0;0;0;1;1;0;0;1;0;0;0;0
1106023.Pera;1106023;Pera;1;1;1;0;0;0;0;0;0;0;1;1;0;0;1;0;0;0;0
1106027.Tangerina;1106027;Tangerina;1;1;1;0;0;0;0;0;0;0;1;1;0;0;1;0;0;0;0
1106028.Uva;1106028;Uva;1;1;1;0;0;0;0;0;0;0;1;1;0;0;1;0;0;0;0
1106039.Laranja - pera;1106039;Laranja - pera;1;1;1;0;0;0;0;0;0;0;1;1;0;0;1;0;0;0;0
1106051.Morango;1106051;Morango;1;1;1;0;0;0;0;0;0;0;1;1;0;0;1;0;0;0;0
1106084.Goiaba;1106084;Goiaba;1;1;1;0;0;0;0;0;0;0;1;1;0;0;1;0;0;0;0
1107.Carnes;1107;Carnes;1;1;0;1;0;0;0;0;0;0;1;1;0;0;1;0;0;0;0
1107009.Fígado;1107009;Fígado;1;1;0;1;0;0;0;0;0;0;1;1;0;0;1;0;0;0;0
1107018.Carne de porco;1107018;Carne de porco;1;1;0;1;0;0;0;0;0;0;1;1;0;0;1;0;0;0;0
1107031.Carne de carneiro;1107031;Carne de carneiro;1;1;0;1;0;0;0;0;0;0;1;1;0;0;1;0;0;0;0
1107081.Cupim;1107081;Cupim;1;1;0;1;0;0;0;0;0;0;1;1;0;0;1;0;0;0;0
1107084.Contrafilé;1107084;Contrafilé;1;1;0;1;0;0;0;0;0;0;1;1;0;0;1;0;0;0;0
1107085.Filé-mignon;1107085;Filé-mignon;1;1;0;1;0;0;0;0;0;0;1;1;0;0;1;0;0;0;0
1107087.Chã de dentro;1107087;Chã de dentro;1;1;0;1;0;0;0;0;0;0;1;1;0;0;1;0;0;0;0
1107088.Alcatra;1107088;Alcatra;1;1;0;1;0;0;0;0;0;0;1;1;0;0;1;0;0;0;0
1107089.Patinho;1107089;Patinho;1;1;0;1;0;0;0;0;0;0;1;1;0;0;1;0;0;0;0
1107090.Lagarto redondo;1107090;Lagarto redondo;1;1;0;1;0;0;0;0;0;0;1;1;0;0;1;0;0;0;0
1107091.Lagarto comum;1107091;Lagarto comum;1;1;0;1;0;0;0;0;0;0;1;1;0;0;1;0;0;0;0
1107093.Músculo;1107093;Músculo;1;1;0;1;0;0;0;0;0;0;1;1;0;0;1;0;0;0;0
1107094.Pá;1107094;Pá;1;1;0;1;0;0;0;0;0;0;1;1;0;0;1;0;0;0;0
1107095.Acém;1107095;Acém;1;1;0;1;0;0;0;0;0;0;1;1;0;0;1;0;0;0;0
1107096.Peito;1107096;Peito;1;1;0;1;0;0;0;0;0;0;1;1;0;0;1;0;0;0;0
1107097.Capa de filé;1107097;Capa de filé;1;1;0;1;0;0;0;0;0;0;1;1;0;0;1;0;0;0;0
1107099.Costela;1107099;Costela;1;1;0;1;0;0;0;0;0;0;1;1;0;0;1;0;0;0;0
1107208.Picanha;1107208;Picanha;1;1;0;1;0;0;0;0;0;0;1;1;0;0;1;0;0;0;0
1108.Pescados;1108;Pescados;1;1;0;1;0;0;0;0;0;0;1;1;0;1;0;0;0;0;0
1108002.Peixe - anchova;1108002;Peixe - anchova;1;1;0;1;0;0;0;0;0;0;1;1;0;1;0;0;0;0;0
1108004.Peixe - corvina;1108004;Peixe - corvina;1;1;0;1;0;0;0;0;0;0;1;1;0;1;0;0;0;0;0
1108011.Peixe - tainha;1108011;Peixe - tainha;1;1;0;1;0;0;0;0;0;0;1;1;0;1;0;0;0;0;0
1108012.Peixe - sardinha;1108012;Peixe - sardinha;1;1;0;1;0;0;0;0;0;0;1;1;0;1;0;0;0;0;0
1108013.Camarão;1108013;Camarão;1;1;0;1;0;0;0;0;0;0;1;1;0;1;0;0;0;0;0
1108019.Peixe - cavala;1108019;Peixe - cavala;1;1;0;1;0;0;0;0;0;0;1;1;0;1;0;0;0;0;0
1108029.Peixe - cação;1108029;Peixe - cação;1;1;0;1;0;0;0;0;0;0;1;1;0;1;0;0;0;0;0
1108031.Peixe - merluza;1108031;Peixe - merluza;1;1;0;1;0;0;0;0;0;0;1;1;0;1;0;0;0;0;0
1108032.Peixe - serra;1108032;Peixe - serra;1;1;0;1;0;0;0;0;0;0;1;1;0;1;0;0;0;0;0
1108038.Peixe - pescada;1108038;Peixe - pescada;1;1;0;1;0;0;0;0;0;0;1;1;0;1;0;0;0;0;0
1108045.Caranguejo;1108045;Caranguejo;1;1;0;1;0;0;0;0;0;0;1;1;0;1;0;0;0;0;0
1108049.Peixe - castanha;1108049;Peixe - castanha;1;1;0;1;0;0;0;0;0;0;1;1;0;1;0;0;0;0;0
1108052.Peixe - palombeta;1108052;Peixe - palombeta;1;1;0;1;0;0;0;0;0;0;1;1;0;1;0;0;0;0;0
1108072.Peixe - curimatã;1108072;Peixe - curimatã;1;1;0;1;0;0;0;0;0;0;1;1;0;1;0;0;0;0;0
1108075.Peixe - salmão;1108075;Peixe - salmão;1;1;0;1;0;0;0;0;0;0;1;1;0;0;1;0;0;0;0
1108080.Peixe - tilápia;1108080;Peixe - tilápia;1;1;0;1;0;0;0;0;0;0;1;1;0;1;0;0;0;0;0
1108087.Peixe - tambaqui;1108087;Peixe - tambaqui;1;1;0;1;0;0;0;0;0;0;1;1;0;1;0;0;0;0;0
1108088.Peixe - dourada;1108088;Peixe - dourada;1;1;0;1;0;0;0;0;0;0;1;1;0;1;0;0;0;0;0
1108092.Peixe - filhote;1108092;Peixe - filhote;1;1;0;1;0;0;0;0;0;0;1;1;0;1;0;0;0;0;0
1108096.Peixe - peroá;1108096;Peixe - peroá;1;1;0;1;0;0;0;0;0;0;1;1;0;1;0;0;0;0;0
1108112.Peixe - pintado;1108112;Peixe - pintado;1;1;0;1;0;0;0;0;0;0;1;1;0;1;0;0;0;0;0
1108125.Peixe - aruanã;1108125;Peixe - aruanã;1;1;0;1;0;0;0;0;0;0;1;1;0;1;0;0;0;0;0
1109.Carnes e peixes industrializados;1109;Carnes e peixes industrializados;1;1;0;0;1;0;0;0;0;0;1;1;0;0;1;0;1;1;0
1109002.Presunto;1109002;Presunto;1;1;0;0;1;0;0;0;0;0;1;1;0;0;1;0;1;1;0
1109007.Salsicha;1109007;Salsicha;1;1;0;0;1;0;0;0;0;0;1;1;0;0;1;0;1;1;0
1109008.Linguiça;1109008;Linguiça;1;1;0;0;1;0;0;0;0;0;1;1;0;0;1;0;1;1;0
1109010.Mortadela;1109010;Mortadela;1;1;0;0;1;0;0;0;0;0;1;1;0;0;1;0;1;1;0
1109012.Salame;1109012;Salame;1;1;0;0;1;0;0;0;0;0;1;1;0;0;1;0;1;1;0
1109023.Bacalhau;1109023;Bacalhau;1;1;0;0;1;0;0;0;0;0;1;1;0;0;1;0;1;1;0
1109056.Carne-seca e de sol;1109056;Carne-seca e de sol;1;1;0;0;1;0;0;0;0;0;1;1;0;0;1;0;1;1;0
1109058.Carne de porco salgada e defumada;1109058;Carne de porco salgada e defumada;1;1;0;0;1;0;0;0;0;0;1;1;0;0;1;0;1;1;0
1110.Aves e ovos;1110;Aves e ovos;1;1;0;0;0;0;0;0;0;0;1;1;0;0;1;0;0;0;0
1110009.Frango inteiro;1110009;Frango inteiro;1;1;0;1;0;0;0;0;0;0;1;1;0;0;1;0;0;0;0
1110010.Frango em pedaços;1110010;Frango em pedaços;1;1;0;1;0;0;0;0;0;0;1;1;0;0;1;0;0;0;0
1110044.Ovo de galinha;1110044;Ovo de galinha;1;1;1;0;0;0;0;0;0;0;1;1;0;0;1;0;0;0;0
1111.Leites e derivados;1111;Leites e derivados;1;1;0;0;1;0;0;0;0;0;1;1;0;1;0;0;0;0;0
1111004.Leite longa vida;1111004;Leite longa vida;1;1;0;1;0;0;0;0;0;0;1;1;0;1;0;0;0;0;0
1111008.Leite condensado;1111008;Leite condensado;1;1;0;0;1;0;0;0;0;0;1;1;0;1;0;0;0;0;0
1111009.Leite em pó;1111009;Leite em pó;1;1;0;0;1;0;0;0;0;0;1;1;0;0;1;0;0;0;0
1111011.Queijo;1111011;Queijo;1;1;0;0;1;0;0;0;0;0;1;1;0;1;0;0;0;0;0
1111019.Iogurte e bebidas lácteas;1111019;Iogurte e bebidas lácteas;1;1;0;0;1;0;0;0;0;0;1;1;0;1;0;0;0;0;0
1111021.Requeijão;1111021;Requeijão;1;1;0;0;1;0;0;0;0;0;1;1;0;1;0;0;0;0;0
1111031.Manteiga;1111031;Manteiga;1;1;0;0;1;0;0;0;0;0;1;1;0;1;0;0;0;0;0
1111038.Leite fermentado;1111038;Leite fermentado;1;1;0;0;1;0;0;0;0;0;1;1;0;1;0;0;0;0;0
1112.Panificados;1112;Panificados;1;1;0;0;1;0;0;0;0;0;1;1;0;0;1;0;1;1;0
1112003.Biscoito;1112003;Biscoito;1;1;0;0;1;0;0;0;0;0;1;1;0;0;1;0;1;1;0
1112015.Pão francês;1112015;Pão francês;1;1;0;0;1;0;0;0;0;0;1;1;0;1;0;0;1;1;0
1112017.Pão doce;1112017;Pão doce;1;1;0;0;1;0;0;0;0;0;1;1;0;1;0;0;1;1;0
1112018.Pão de forma;1112018;Pão de forma;1;1;0;0;1;0;0;0;0;0;1;1;0;0;1;0;1;1;0
1112019.Bolo;1112019;Bolo;1;1;0;0;1;0;0;0;0;0;1;1;0;1;0;0;1;1;0
1112025.Pão de queijo;1112025;Pão de queijo;1;1;0;0;1;0;0;0;0;0;1;1;0;0;1;0;1;1;0
1113.Óleos e gorduras;1113;Óleos e gorduras;1;1;0;0;1;0;0;0;0;0;1;1;0;0;1;0;0;0;0
1113013.Óleo de soja;1113013;Óleo de soja;1;1;0;0;1;0;0;0;0;0;1;1;0;0;1;0;0;0;0
1113014.Azeite de oliva;1113014;Azeite de oliva;1;1;0;0;1;0;0;0;0;0;1;1;0;0;1;0;0;0;0
1113040.Margarina;1113040;Margarina;1;1;0;0;1;0;0;0;0;0;1;1;0;0;1;0;0;0;0
1114.Bebidas e infusões;1114;Bebidas e infusões;1;1;0;0;1;0;0;0;0;0;1;1;0;0;1;0;1;1;0
1114001.Suco de frutas;1114001;Suco de frutas;1;1;0;0;1;0;0;0;0;0;1;1;0;0;1;0;1;1;0
1114003.Polpa de fruta (congelada);1114003;Polpa de fruta (congelada);1;1;0;0;1;0;0;0;0;0;1;1;0;0;1;0;1;1;0
1114004.Açaí (emulsão);1114004;Açaí (emulsão);1;1;0;0;1;0;0;0;0;0;1;1;0;0;1;0;1;1;0
1114022.Café moído;1114022;Café moído;1;1;0;0;1;0;0;0;0;0;1;1;0;0;1;0;1;1;0
1114023.Café solúvel;1114023;Café solúvel;1;1;0;0;1;0;0;0;0;0;1;1;0;0;1;0;1;1;0
1114083.Refrigerante e água mineral;1114083;Refrigerante e água mineral;1;1;0;0;1;0;0;0;0;0;1;1;0;0;1;0;1;1;0
1114084.Cerveja;1114084;Cerveja;1;1;0;0;1;0;0;0;0;0;1;1;0;0;1;0;1;1;0
1114085.Outras bebidas alcoólicas;1114085;Outras bebidas alcoólicas;1;1;0;0;1;0;0;0;0;0;1;1;0;0;1;0;1;1;0
1114087.Vinho;1114087;Vinho;1;1;0;0;1;0;0;0;0;0;1;1;0;0;1;0;1;1;0
1114090.Suco em pó;1114090;Suco em pó;1;1;0;0;1;0;0;0;0;0;1;1;0;0;1;0;1;1;0
1114091.Chá mate (erva mate);1114091;Chá mate (erva mate);1;1;0;0;1;0;0;0;0;0;1;1;0;0;1;0;1;1;0
1115.Enlatados e conservas;1115;Enlatados e conservas;1;1;0;0;1;0;0;0;0;0;1;1;0;0;1;0;1;1;0
1115013.Alimento infantil;1115013;Alimento infantil;1;1;0;0;1;0;0;0;0;0;1;1;0;0;1;0;1;1;0
1115016.Palmito em conserva;1115016;Palmito em conserva;1;1;0;0;1;0;0;0;0;0;1;1;0;0;1;0;1;1;0
1115017.Pepino em conserva;1115017;Pepino em conserva;1;1;0;0;1;0;0;0;0;0;1;1;0;0;1;0;1;1;0
1115039.Sardinha em conserva;1115039;Sardinha em conserva;1;1;0;0;1;0;0;0;0;0;1;1;0;0;1;0;1;1;0
1115050.Salsicha em conserva;1115050;Salsicha em conserva;1;1;0;0;1;0;0;0;0;0;1;1;0;0;1;0;1;1;0
1115056.Sopa desidratada;1115056;Sopa desidratada;1;1;0;0;1;0;0;0;0;0;1;1;0;0;1;0;1;1;0
1115057.Azeitona;1115057;Azeitona;1;1;0;0;1;0;0;0;0;0;1;1;0;0;1;0;1;1;0
1115058.Milho-verde em conserva;1115058;Milho-verde em conserva;1;1;0;0;1;0;0;0;0;0;1;1;0;0;1;0;1;1;0
1115075.Atum em conserva;1115075;Atum em conserva;1;1;0;0;1;0;0;0;0;0;1;1;0;0;1;0;1;1;0
1116.Sal e condimentos;1116;Sal e condimentos;1;1;0;0;1;0;0;0;0;0;1;1;0;0;1;0;1;0;0
1116001.Leite de coco;1116001;Leite de coco;1;1;0;0;1;0;0;0;0;0;1;1;0;0;1;0;1;0;0
1116005.Atomatado;1116005;Atomatado;1;1;0;0;1;0;0;0;0;0;1;1;0;0;1;0;1;0;0
1116010.Alho;1116010;Alho;1;1;0;0;1;0;0;0;0;0;1;1;0;0;1;0;1;0;0
1116013.Sal;1116013;Sal;1;1;0;0;1;0;0;0;0;0;1;1;0;0;1;0;1;0;0
1116022.Colorau;1116022;Colorau;1;1;0;0;1;0;0;0;0;0;1;1;0;0;1;0;1;0;0
1116023.Caldo de tucupi;1116023;Caldo de tucupi;1;1;0;0;1;0;0;0;0;0;1;1;0;0;1;0;1;0;0
1116026.Fermento;1116026;Fermento;1;1;0;0;1;0;0;0;0;0;1;1;0;0;1;0;1;0;0
1116033.Maionese;1116033;Maionese;1;1;0;0;1;0;0;0;0;0;1;1;0;0;1;0;1;0;0
1116041.Vinagre;1116041;Vinagre;1;1;0;0;1;0;0;0;0;0;1;1;0;0;1;0;1;0;0
1116048.Caldo concentrado;1116048;Caldo concentrado;1;1;0;0;1;0;0;0;0;0;1;1;0;0;1;0;1;0;0
1116071.Tempero misto;1116071;Tempero misto;1;1;0;0;1;0;0;0;0;0;1;1;0;0;1;0;1;0;0
12.Alimentação fora do domicílio;12;Alimentação fora do domicílio;1;0;0;0;0;1;1;0;0;0;0;0;0;1;0;1;1;1;1
1201.Alimentação fora do domicílio;1201;Alimentação fora do domicílio;1;0;0;0;0;1;1;0;0;0;0;0;0;1;0;1;1;1;1
1201001.Refeição;1201001;Refeição;1;0;0;0;0;1;1;0;0;0;0;0;0;1;0;1;1;1;1
1201003.Lanche;1201003;Lanche;1;0;0;0;0;1;1;0;0;0;0;0;0;1;0;1;1;1;1
1201007.Refrigerante e água mineral;1201007;Refrigerante e água mineral;1;0;0;0;0;1;1;0;0;0;0;0;0;1;0;1;1;1;1
1201009.Cafezinho;1201009;Cafezinho;1;0;0;0;0;1;1;0;0;0;0;0;0;1;0;1;1;1;1
1201048.Cerveja;1201048;Cerveja;1;0;0;0;0;1;1;0;0;0;0;0;0;1;0;1;1;1;1
1201051.Outras bebidas alcoólicas;1201051;Outras bebidas alcoólicas;1;0;0;0;0;1;1;0;0;0;0;0;0;1;0;1;1;1;1
1201052.Vinho;1201052;Vinho;1;0;0;0;0;1;1;0;0;0;0;0;0;1;0;1;1;1;1
1201061.Doces;1201061;Doces;1;0;0;0;0;1;1;0;0;0;0;0;0;1;0;1;1;1;1
1201088.Sorvete;1201088;Sorvete;1;0;0;0;0;1;1;0;0;0;0;0;0;1;0;1;1;1;1
2.Habitação;2;Habitação;1;0;0;0;0;0;0;0;0;0;0;0;0;0;1;1;1;1;1
21.Encargos e manutenção;21;Encargos e manutenção;1;0;0;0;0;0;0;0;0;0;0;0;0;0;1;1;1;1;1
2101.Aluguel e taxas;2101;Aluguel e taxas;1;0;0;0;0;0;0;0;0;0;0;0;0;0;1;1;1;1;1
2101001.Aluguel residencial;2101001;Aluguel residencial;1;0;0;0;0;1;1;0;0;0;0;0;0;1;0;1;1;1;1
2101002.Condomínio;2101002;Condomínio;1;0;0;0;0;1;1;0;0;0;0;0;0;1;0;1;1;1;1
2101004.Taxa de água e esgoto;2101004;Taxa de água e esgoto;0;0;0;0;0;0;0;0;0;0;0;0;1;0;0;0;1;0;0
2101012.Mudança;2101012;Mudança;1;0;0;0;0;1;1;0;0;0;0;0;0;1;0;1;1;1;1
2103.Reparos;2103;Reparos;1;0;0;0;0;0;0;0;0;0;1;1;0;0;1;1;1;1;1
2103005.Ferragens;2103005;Ferragens;1;0;0;0;0;0;0;0;0;0;1;1;0;0;1;1;1;1;1
2103008.Material de eletricidade;2103008;Material de eletricidade;1;0;0;0;0;0;0;0;0;0;1;1;0;0;1;1;1;1;1
2103012.Vidro;2103012;Vidro;1;0;0;0;0;0;0;0;0;0;1;1;0;0;1;1;1;1;1
2103014.Tinta;2103014;Tinta;1;0;0;0;0;0;0;0;0;0;1;1;0;0;1;1;1;1;1
2103032.Revestimento de piso e parede;2103032;Revestimento de piso e parede;1;0;0;0;0;0;0;0;0;0;1;1;0;0;1;1;1;1;1
2103038.Madeira e taco;2103038;Madeira e taco;1;0;0;0;0;0;0;0;0;0;1;1;0;0;1;1;1;1;1
2103039.Cimento;2103039;Cimento;1;0;0;0;0;0;0;0;0;0;1;1;0;1;0;1;1;1;1
2103040.Tijolo;2103040;Tijolo;1;0;0;0;0;0;0;0;0;0;1;1;0;1;0;1;1;1;1
2103041.Material hidráulico;2103041;Material hidráulico;1;0;0;0;0;0;0;0;0;0;1;1;0;0;1;1;1;1;1
2103042.Mão de obra;2103042;Mão de obra;1;0;0;0;0;1;0;1;0;0;0;0;0;1;0;1;1;0;0
2103048.Areia;2103048;Areia;1;0;0;0;0;0;0;0;0;0;1;1;0;1;0;1;1;1;1
2103049.Pedras;2103049;Pedras;1;0;0;0;0;0;0;0;0;0;1;1;0;0;1;1;1;1;1
2103055.Telha;2103055;Telha;1;0;0;0;0;0;0;0;0;0;1;1;0;0;1;1;1;1;1
2104.Artigos de limpeza;2104;Artigos de limpeza;1;0;0;0;0;0;0;0;0;0;1;1;0;0;1;1;1;1;1
2104003.Saco para lixo;2104003;Saco para lixo;1;0;0;0;0;0;0;0;0;0;1;1;0;0;1;1;1;1;1
2104005.Água sanitária;2104005;Água sanitária;1;0;0;0;0;0;0;0;0;0;1;1;0;0;1;1;1;1;1
2104008.Detergente;2104008;Detergente;1;0;0;0;0;0;0;0;0;0;1;1;0;0;1;1;1;1;1
2104009.Sabão em pó;2104009;Sabão em pó;1;0;0;0;0;0;0;0;0;0;1;1;0;0;1;1;1;1;1
2104012.Desinfetante;2104012;Desinfetante;1;0;0;0;0;0;0;0;0;0;1;1;0;0;1;1;1;1;1
2104015.Sabão em barra;2104015;Sabão em barra;1;0;0;0;0;0;0;0;0;0;1;1;0;0;1;1;1;1;1
2104016.Esponja de limpeza;2104016;Esponja de limpeza;1;0;0;0;0;0;0;0;0;0;1;1;0;0;1;1;1;1;1
2104019.Sabão líquido;2104019;Sabão líquido;1;0;0;0;0;0;0;0;0;0;1;1;0;0;1;1;1;1;1
2104020.Limpador multiuso;2104020;Limpador multiuso;1;0;0;0;0;0;0;0;0;0;1;1;0;0;1;1;1;1;1
2104041.Papel toalha;2104041;Papel toalha;1;0;0;0;0;0;0;0;0;0;1;1;0;0;1;1;1;1;1
2104085.Amaciante e alvejante;2104085;Amaciante e alvejante;1;0;0;0;0;0;0;0;0;0;1;1;0;0;1;1;1;1;1
22.Combustíveis e energia;22;Combustíveis e energia;1;0;0;0;0;0;0;0;0;0;0;0;0;0;1;1;1;1;1
2201.Combustíveis (domésticos);2201;Combustíveis (domésticos);1;0;0;0;0;0;0;0;0;0;0;0;0;0;1;1;0;1;1
2201003.Carvão vegetal;2201003;Carvão vegetal;1;0;0;0;0;0;0;0;0;0;1;1;0;1;0;1;0;1;1
2201004.Gás de botijão;2201004;Gás de botijão;0;0;0;0;0;0;0;0;0;0;0;0;1;0;0;0;0;0;0
2201005.Gás encanado;2201005;Gás encanado;0;0;0;0;0;0;0;0;0;0;0;0;1;0;0;0;0;0;0
2202.Energia elétrica residencial;2202;Energia elétrica residencial;0;0;0;0;0;0;0;0;0;0;0;0;1;0;0;0;1;0;0
2202003.Energia elétrica residencial;2202003;Energia elétrica residencial;0;0;0;0;0;0;0;0;0;0;0;0;1;0;0;0;1;0;0
3.Artigos de residência;3;Artigos de residência;1;0;0;0;0;0;0;0;0;0;0;0;0;0;1;1;1;1;1
31.Móveis e utensílios;31;Móveis e utensílios;1;0;0;0;0;0;0;0;0;0;0;0;0;0;1;1;1;1;1
3101.Mobiliário;3101;Mobiliário;1;0;0;0;0;0;0;0;1;0;0;1;0;0;1;1;1;1;1
3101002.Móvel para sala;3101002;Móvel para sala;1;0;0;0;0;0;0;0;1;0;0;1;0;0;1;1;1;1;1
3101003.Móvel para quarto;3101003;Móvel para quarto;1;0;0;0;0;0;0;0;1;0;0;1;0;0;1;1;1;1;1
3101015.Móvel para copa e cozinha;3101015;Móvel para copa e cozinha;1;0;0;0;0;0;0;0;1;0;0;1;0;0;1;1;1;1;1
3101016.Móvel infantil;3101016;Móvel infantil;1;0;0;0;0;0;0;0;1;0;0;1;0;0;1;1;1;1;1
3101017.Colchão;3101017;Colchão;1;0;0;0;0;0;0;0;1;0;0;1;0;0;1;1;1;1;1
3102.Utensílios e enfeites;3102;Utensílios e enfeites;1;0;0;0;0;0;0;0;0;0;0;0;0;0;1;1;1;1;1
3102001.Artigos de iluminação;3102001;Artigos de iluminação;1;0;0;0;0;0;0;0;1;0;0;1;0;0;1;1;1;1;1
3102005.Tapete;3102005;Tapete;1;0;0;0;0;0;0;0;1;0;0;1;0;0;1;1;1;1;1
3102006.Cortina;3102006;Cortina;1;0;0;0;0;0;0;0;0;1;0;1;0;0;1;1;1;1;1
3102007.Utensílios de metal;3102007;Utensílios de metal;1;0;0;0;0;0;0;0;0;1;0;1;0;0;1;1;1;1;1
3102009.Utensílios de vidro e louça;3102009;Utensílios de vidro e louça;1;0;0;0;0;0;0;0;0;1;0;1;0;0;1;1;1;1;1
3102010.Utensílios de plástico;3102010;Utensílios de plástico;1;0;0;0;0;0;0;0;0;1;0;1;0;0;1;1;1;1;1
3102035.Flores naturais;3102035;Flores naturais;1;0;0;0;0;0;0;0;0;0;1;1;0;0;1;1;1;1;1
3102337.Utensílios para bebê;3102337;Utensílios para bebê;1;0;0;0;0;0;0;0;0;1;0;1;0;0;1;1;1;1;1
3103.Cama, mesa e banho;3103;Cama, mesa e banho;1;0;0;0;0;0;0;0;0;1;0;1;0;0;1;1;1;1;1
3103001.Roupa de cama;3103001;Roupa de cama;1;0;0;0;0;0;0;0;0;1;0;1;0;0;1;1;1;1;1
3103003.Roupa de banho;3103003;Roupa de banho;1;0;0;0;0;0;0;0;0;1;0;1;0;0;1;1;1;1;1
32.Aparelhos eletroeletrônicos;32;Aparelhos eletroeletrônicos;1;0;0;0;0;0;0;0;0;0;0;0;0;0;1;1;1;0;0
3201.Eletrodomésticos e equipamentos;3201;Eletrodomésticos e equipamentos;1;0;0;0;0;0;0;0;0;0;0;0;0;0;1;1;1;0;0
3201001.Refrigerador;3201001;Refrigerador;1;0;0;0;0;0;0;0;1;0;0;1;0;0;1;1;1;0;0
3201002.Ar-condicionado;3201002;Ar-condicionado;1;0;0;0;0;0;0;0;1;0;0;1;0;0;1;1;1;0;0
3201006.Máquina de lavar roupa;3201006;Máquina de lavar roupa;1;0;0;0;0;0;0;0;1;0;0;1;0;0;1;1;1;0;0
3201013.Ventilador;3201013;Ventilador;1;0;0;0;0;0;0;0;0;1;0;1;0;0;1;1;1;0;0
3201021.Fogão;3201021;Fogão;1;0;0;0;0;0;0;0;1;0;0;1;0;0;1;1;1;0;0
3201050.Chuveiro elétrico;3201050;Chuveiro elétrico;1;0;0;0;0;0;0;0;1;0;0;1;0;0;1;1;1;0;0
3202.Tv, som e informática;3202;Tv, som e informática;1;0;0;0;0;0;0;0;0;0;0;0;0;0;1;1;1;0;0
3202001.Televisor;3202001;Televisor;1;0;0;0;0;0;0;0;1;0;0;1;0;0;1;1;1;0;0
3202003.Aparelho de som;3202003;Aparelho de som;1;0;0;0;0;0;0;0;1;0;0;1;0;0;1;1;1;0;0
3202008.Videogame (console);3202008;Videogame (console);1;0;0;0;0;0;0;0;0;1;0;1;0;0;1;1;1;0;0
3202028.Computador pessoal;3202028;Computador pessoal;1;0;0;0;0;0;0;0;1;0;0;1;0;0;1;1;1;0;0
33.Consertos e manutenção;33;Consertos e manutenção;1;0;0;0;0;1;1;0;0;0;0;0;0;1;0;1;1;1;1
3301.Consertos e manutenção;3301;Consertos e manutenção;1;0;0;0;0;1;1;0;0;0;0;0;0;1;0;1;1;1;1
3301002.Conserto de refrigerador;3301002;Conserto de refrigerador;1;0;0;0;0;1;1;0;0;0;0;0;0;1;0;1;1;1;1
3301006.Conserto de televisor;3301006;Conserto de televisor;1;0;0;0;0;1;1;0;0;0;0;0;0;1;0;1;1;1;1
3301015.Conserto de máquina de lavar roupa;3301015;Conserto de máquina de lavar roupa;1;0;0;0;0;1;1;0;0;0;0;0;0;1;0;1;1;1;1
3301022.Reforma de estofado;3301022;Reforma de estofado;1;0;0;0;0;1;1;0;0;0;0;0;0;1;0;1;1;1;1
3301088.Conserto de aparelho celular;3301088;Conserto de aparelho celular;1;0;0;0;0;1;1;0;0;0;0;0;0;1;0;1;1;1;1
3301130.Conserto de bicicleta;3301130;Conserto de bicicleta;1;0;0;0;0;1;1;0;0;0;0;0;0;1;0;1;1;1;1
4.Vestuário;4;Vestuário;1;0;0;0;0;0;0;0;0;0;0;0;0;0;1;1;1;1;1
41.Roupas;41;Roupas;1;0;0;0;0;0;0;0;0;1;0;1;0;0;1;1;1;1;1
4101.Roupa masculina;4101;Roupa masculina;1;0;0;0;0;0;0;0;0;1;0;1;0;0;1;1;1;1;1
4101002.Calça comprida masculina;4101002;Calça comprida masculina;1;0;0;0;0;0;0;0;0;1;0;1;0;0;1;1;1;1;1
4101005.Agasalho masculino;4101005;Agasalho masculino;1;0;0;0;0;0;0;0;0;1;0;1;0;0;1;1;1;1;1
4101006.Bermuda/short masculino;4101006;Bermuda/short masculino;1;0;0;0;0;0;0;0;0;1;0;1;0;0;1;1;1;1;1
4101008.Cueca;4101008;Cueca;1;0;0;0;0;0;0;0;0;1;0;1;0;0;1;1;1;1;1
4101009.Camisa/camiseta masculina;4101009;Camisa/camiseta masculina;1;0;0;0;0;0;0;0;0;1;0;1;0;0;1;1;1;1;1
4102.Roupa feminina;4102;Roupa feminina;1;0;0;0;0;0;0;0;0;1;0;1;0;0;1;1;1;1;1
4102002.Calça comprida feminina;4102002;Calça comprida feminina;1;0;0;0;0;0;0;0;0;1;0;1;0;0;1;1;1;1;1
4102003.Agasalho feminino;4102003;Agasalho feminino;1;0;0;0;0;0;0;0;0;1;0;1;0;0;1;1;1;1;1
4102004.Saia;4102004;Saia;1;0;0;0;0;0;0;0;0;1;0;1;0;0;1;1;1;1;1
4102005.Vestido;4102005;Vestido;1;0;0;0;0;0;0;0;0;1;0;1;0;0;1;1;1;1;1
4102008.Blusa;4102008;Blusa;1;0;0;0;0;0;0;0;0;1;0;1;0;0;1;1;1;1;1
4102010.Lingerie;4102010;Lingerie;1;0;0;0;0;0;0;0;0;1;0;1;0;0;1;1;1;1;1
4102013.Bermuda/short feminino;4102013;Bermuda/short feminino;1;0;0;0;0;0;0;0;0;1;0;1;0;0;1;1;1;1;1
4103.Roupa infantil;4103;Roupa infantil;1;0;0;0;0;0;0;0;0;1;0;1;0;0;1;1;1;1;1
4103001.Uniforme escolar;4103001;Uniforme escolar;1;0;0;0;0;0;0;0;0;1;0;1;0;0;1;1;1;1;1
4103002.Calça comprida infantil;4103002;Calça comprida infantil;1;0;0;0;0;0;0;0;0;1;0;1;0;0;1;1;1;1;1
4103005.Agasalho infantil;4103005;Agasalho infantil;1;0;0;0;0;0;0;0;0;1;0;1;0;0;1;1;1;1;1
4103007.Vestido infantil;4103007;Vestido infantil;1;0;0;0;0;0;0;0;0;1;0;1;0;0;1;1;1;1;1
4103008.Bermuda/short infantil;4103008;Bermuda/short infantil;1;0;0;0;0;0;0;0;0;1;0;1;0;0;1;1;1;1;1
4103011.Camisa/camiseta infantil;4103011;Camisa/camiseta infantil;1;0;0;0;0;0;0;0;0;1;0;1;0;0;1;1;1;1;1
4103031.Conjunto infantil;4103031;Conjunto infantil;1;0;0;0;0;0;0;0;0;1;0;1;0;0;1;1;1;1;1
42.Calçados e acessórios;42;Calçados e acessórios;1;0;0;0;0;0;0;0;0;1;0;1;0;0;1;1;1;1;1
4201.Calçados e acessórios;4201;Calçados e acessórios;1;0;0;0;0;0;0;0;0;1;0;1;0;0;1;1;1;1;1
4201002.Sapato masculino;4201002;Sapato masculino;1;0;0;0;0;0;0;0;0;1;0;1;0;0;1;1;1;1;1
4201003.Sapato feminino;4201003;Sapato feminino;1;0;0;0;0;0;0;0;0;1;0;1;0;0;1;1;1;1;1
4201004.Sapato infantil;4201004;Sapato infantil;1;0;0;0;0;0;0;0;0;1;0;1;0;0;1;1;1;1;1
4201015.Bolsa;4201015;Bolsa;1;0;0;0;0;0;0;0;0;1;0;1;0;0;1;1;1;1;1
4201040.Mochila;4201040;Mochila;1;0;0;0;0;0;0;0;0;1;0;1;0;0;1;1;1;1;1
4201063.Tênis;4201063;Tênis;1;0;0;0;0;0;0;0;0;1;0;1;0;0;1;1;1;1;1
4201098.Sandália/chinelo;4201098;Sandália/chinelo;1;0;0;0;0;0;0;0;0;1;0;1;0;0;1;1;1;1;1
43.Joias e bijuterias;43;Joias e bijuterias;1;0;0;0;0;0;0;0;1;0;0;1;0;0;1;1;1;1;1
4301.Joias e bijuterias;4301;Joias e bijuterias;1;0;0;0;0;0;0;0;1;0;0;1;0;0;1;1;1;1;1
4301001.Bijuteria;4301001;Bijuteria;1;0;0;0;0;0;0;0;1;0;0;1;0;0;1;1;1;1;1
4301002.Joia;4301002;Joia;1;0;0;0;0;0;0;0;1;0;0;1;0;0;1;1;1;1;1
4301004.Relógio de pulso;4301004;Relógio de pulso;1;0;0;0;0;0;0;0;1;0;0;1;0;0;1;1;1;1;1
44.Tecidos e armarinho;44;Tecidos e armarinho;1;0;0;0;0;0;0;0;0;1;0;1;0;0;1;1;1;1;1
4401.Tecidos e armarinho;4401;Tecidos e armarinho;1;0;0;0;0;0;0;0;0;1;0;1;0;0;1;1;1;1;1
4401001.Tecido;4401001;Tecido;1;0;0;0;0;0;0;0;0;1;0;1;0;0;1;1;1;1;1
4401002.Artigos de armarinho;4401002;Artigos de armarinho;1;0;0;0;0;0;0;0;0;1;0;1;0;0;1;1;1;1;1
5.Transportes;5;Transportes;1;0;0;0;0;0;0;0;0;0;0;0;0;0;1;1;1;1;1
51.Transportes;51;Transportes;1;0;0;0;0;0;0;0;0;0;0;0;0;0;1;1;1;1;1
5101.Transporte público;5101;Transporte público;1;0;0;0;0;0;0;0;0;0;0;0;0;0;1;1;1;1;1
5101001.Ônibus urbano;5101001;Ônibus urbano;0;0;0;0;0;0;0;0;0;0;0;0;1;0;0;0;1;0;0
5101002.Táxi;5101002;Táxi;0;0;0;0;0;0;0;0;0;0;0;0;1;0;0;0;1;0;0
5101004.Trem;5101004;Trem;0;0;0;0;0;0;0;0;0;0;0;0;1;0;0;0;1;0;0
5101006.Ônibus intermunicipal;5101006;Ônibus intermunicipal;0;0;0;0;0;0;0;0;0;0;0;0;1;0;0;0;1;0;0
5101007.Ônibus interestadual;5101007;Ônibus interestadual;0;0;0;0;0;0;0;0;0;0;0;0;1;0;0;0;1;0;0
5101010.Passagem aérea;5101010;Passagem aérea;1;0;0;0;0;1;0;1;0;0;0;0;0;1;0;1;1;0;0
5101011.Metrô;5101011;Metrô;0;0;0;0;0;0;0;0;0;0;0;0;1;0;0;0;1;0;0
5101026.Transporte escolar;5101026;Transporte escolar;1;0;0;0;0;1;0;1;0;0;0;0;0;1;0;1;1;0;0
5101051.Transporte por aplicativo;5101051;Transporte por aplicativo;1;0;0;0;0;1;0;1;0;0;0;0;0;1;0;1;1;0;0
5101053.Integração transporte público;5101053;Integração transporte público;0;0;0;0;0;0;0;0;0;0;0;0;1;0;0;0;1;0;0
5102.Veículo próprio;5102;Veículo próprio;1;0;0;0;0;0;0;0;0;0;0;0;0;0;1;1;1;1;1
5102001.Automóvel novo;5102001;Automóvel novo;1;0;0;0;0;0;0;0;1;0;0;1;0;0;1;1;1;0;0
5102004.Emplacamento e licença;5102004;Emplacamento e licença;0;0;0;0;0;0;0;0;0;0;0;0;1;0;0;0;1;0;0
5102005.Seguro voluntário de veículo;5102005;Seguro voluntário de veículo;1;0;0;0;0;1;1;0;0;0;0;0;0;1;0;1;1;1;1
5102006.Multa;5102006;Multa;0;0;0;0;0;0;0;0;0;0;0;0;1;0;0;0;1;0;0
5102007.Óleo lubrificante;5102007;Óleo lubrificante;1;0;0;0;0;0;0;0;0;0;1;1;0;0;1;1;1;1;1
5102009.Acessórios e peças;5102009;Acessórios e peças;1;0;0;0;0;0;0;0;0;1;0;1;0;0;1;1;1;1;1
5102010.Pneu;5102010;Pneu;1;0;0;0;0;0;0;0;0;1;0;1;0;0;1;1;1;1;1
5102011.Conserto de automóvel;5102011;Conserto de automóvel;1;0;0;0;0;1;1;0;0;0;0;0;0;1;0;1;1;1;1
5102013.Estacionamento;5102013;Estacionamento;1;0;0;0;0;1;1;0;0;0;0;0;0;1;0;1;1;1;1
5102015.Pedágio;5102015;Pedágio;0;0;0;0;0;0;0;0;0;0;0;0;1;0;0;0;1;0;0
5102020.Automóvel usado;5102020;Automóvel usado;1;0;0;0;0;0;0;0;1;0;0;1;0;1;0;1;1;0;0
5102037.Pintura de veículo;5102037;Pintura de veículo;1;0;0;0;0;1;1;0;0;0;0;0;0;1;0;1;1;1;1
5102051.Aluguel de veículo;5102051;Aluguel de veículo;1;0;0;0;0;1;1;0;0;0;0;0;0;1;0;1;1;1;1
5102053.Motocicleta;5102053;Motocicleta;1;0;0;0;0;0;0;0;1;0;0;1;0;0;1;1;1;1;1
5104.Combustíveis (veículos);5104;Combustíveis (veículos);1;0;0;0;0;0;0;0;0;0;0;0;0;0;1;1;0;1;1
5104001.Gasolina;5104001;Gasolina;0;0;0;0;0;0;0;0;0;0;0;0;1;0;0;0;0;0;0
5104002.Etanol;5104002;Etanol;1;0;0;0;0;0;0;0;0;0;1;1;0;0;1;1;0;0;0
5104003.Óleo diesel;5104003;Óleo diesel;0;0;0;0;0;0;0;0;0;0;0;0;1;0;0;0;0;0;0
5104005.Gás veicular;5104005;Gás veicular;0;0;0;0;0;0;0;0;0;0;0;0;1;0;0;0;0;0;0
6.Saúde e cuidados pessoais;6;Saúde e cuidados pessoais;1;0;0;0;0;0;0;0;0;0;0;0;0;0;1;1;1;1;1
61.Produtos farmacêuticos e óticos;61;Produtos farmacêuticos e óticos;1;0;0;0;0;0;0;0;0;0;0;0;0;0;1;1;1;1;1
6101.Produtos farmacêuticos;6101;Produtos farmacêuticos;0;0;0;0;0;0;0;0;0;0;0;0;1;0;0;0;1;0;0
6101001.Anti-infeccioso e antibiótico;6101001;Anti-infeccioso e antibiótico;0;0;0;0;0;0;0;0;0;0;0;0;1;0;0;0;1;0;0
6101002.Analgésico e antitérmico;6101002;Analgésico e antitérmico;0;0;0;0;0;0;0;0;0;0;0;0;1;0;0;0;1;0;0
6101003.Anti-inflamatório e antirreumático;6101003;Anti-inflamatório e antirreumático;0;0;0;0;0;0;0;0;0;0;0;0;1;0;0;0;1;0;0
6101004.Antigripal e antitussígeno;6101004;Antigripal e antitussígeno;0;0;0;0;0;0;0;0;0;0;0;0;1;0;0;0;1;0;0
6101006.Dermatológico;6101006;Dermatológico;0;0;0;0;0;0;0;0;0;0;0;0;1;0;0;0;1;0;0
6101007.Antialérgico e broncodilatador;6101007;Antialérgico e broncodilatador;0;0;0;0;0;0;0;0;0;0;0;0;1;0;0;0;1;0;0
6101009.Gastroprotetor;6101009;Gastroprotetor;0;0;0;0;0;0;0;0;0;0;0;0;1;0;0;0;1;0;0
6101010.Vitamina e fortificante;6101010;Vitamina e fortificante;0;0;0;0;0;0;0;0;0;0;0;0;1;0;0;0;1;0;0
6101011.Hormonal;6101011;Hormonal;0;0;0;0;0;0;0;0;0;0;0;0;1;0;0;0;1;0;0
6101013.Psicotrópico e anorexígeno;6101013;Psicotrópico e anorexígeno;0;0;0;0;0;0;0;0;0;0;0;0;1;0;0;0;1;0;0
6101014.Hipotensor e hipocolesterolêmico;6101014;Hipotensor e hipocolesterolêmico;0;0;0;0;0;0;0;0;0;0;0;0;1;0;0;0;1;0;0
6101051.Oftalmológico;6101051;Oftalmológico;0;0;0;0;0;0;0;0;0;0;0;0;1;0;0;0;1;0;0
6101064.Antidiabético;6101064;Antidiabético;0;0;0;0;0;0;0;0;0;0;0;0;1;0;0;0;1;0;0
6101148.Neurológico;6101148;Neurológico;0;0;0;0;0;0;0;0;0;0;0;0;1;0;0;0;1;0;0
6102.Produtos óticos;6102;Produtos óticos;1;0;0;0;0;0;0;0;0;0;0;0;0;0;1;1;1;1;1
6102012.Óculos de grau;6102012;Óculos de grau;1;0;0;0;0;0;0;0;1;0;0;1;0;0;1;1;1;1;1
62.Serviços de saúde;62;Serviços de saúde;1;0;0;0;0;0;0;0;0;0;0;0;0;0;1;1;1;1;1
6201.Serviços médicos e dentários;6201;Serviços médicos e dentários;1;0;0;0;0;1;1;0;0;0;0;0;0;1;0;1;1;1;1
6201002.Médico;6201002;Médico;1;0;0;0;0;1;1;0;0;0;0;0;0;1;0;1;1;1;1
6201003.Dentista;6201003;Dentista;1;0;0;0;0;1;1;0;0;0;0;0;0;1;0;1;1;1;1
6201005.Aparelho ortodôntico;6201005;Aparelho ortodôntico;1;0;0;0;0;1;1;0;0;0;0;0;0;1;0;1;1;1;1
6201007.Fisioterapeuta;6201007;Fisioterapeuta;1;0;0;0;0;1;1;0;0;0;0;0;0;1;0;1;1;1;1
6201010.Psicólogo;6201010;Psicólogo;1;0;0;0;0;1;1;0;0;0;0;0;0;1;0;1;1;1;1
6202.Serviços laboratoriais e hospitalares;6202;Serviços laboratoriais e hospitalares;1;0;0;0;0;1;1;0;0;0;0;0;0;1;0;1;1;1;1
6202003.Exame de laboratório;6202003;Exame de laboratório;1;0;0;0;0;1;1;0;0;0;0;0;0;1;0;1;1;1;1
6202004.Hospitalização e cirurgia;6202004;Hospitalização e cirurgia;1;0;0;0;0;1;1;0;0;0;0;0;0;1;0;1;1;1;1
6202006.Exame de imagem;6202006;Exame de imagem;1;0;0;0;0;1;1;0;0;0;0;0;0;1;0;1;1;1;1
6203.Plano de saúde;6203;Plano de saúde;0;0;0;0;0;0;0;0;0;0;0;0;1;0;0;0;1;0;0
6203001.Plano de saúde;6203001;Plano de saúde;0;0;0;0;0;0;0;0;0;0;0;0;1;0;0;0;1;0;0
63.Cuidados pessoais;63;Cuidados pessoais;1;0;0;0;0;0;0;0;0;0;0;0;0;0;1;1;1;1;1
6301.Higiene pessoal;6301;Higiene pessoal;1;0;0;0;0;0;0;0;0;0;1;1;0;0;1;1;1;1;1
6301001.Produto para cabelo;6301001;Produto para cabelo;1;0;0;0;0;0;0;0;0;0;1;1;0;0;1;1;1;1;1
6301002.Fralda descartável;6301002;Fralda descartável;1;0;0;0;0;0;0;0;0;0;1;1;0;0;1;1;1;1;1
6301004.Produto para barba;6301004;Produto para barba;1;0;0;0;0;0;0;0;0;0;1;1;0;0;1;1;1;1;1
6301006.Produto para pele;6301006;Produto para pele;1;0;0;0;0;0;0;0;0;0;1;1;0;0;1;1;1;1;1
6301007.Produto para higiene bucal;6301007;Produto para higiene bucal;1;0;0;0;0;0;0;0;0;0;1;1;0;0;1;1;1;1;1
6301010.Produto para unha;6301010;Produto para unha;1;0;0;0;0;0;0;0;0;0;1;1;0;0;1;1;1;1;1
6301011.Perfume;6301011;Perfume;1;0;0;0;0;0;0;0;0;0;1;1;0;0;1;1;1;1;1
6301014.Desodorante;6301014;Desodorante;1;0;0;0;0;0;0;0;0;0;1;1;0;0;1;1;1;1;1
6301015.Absorvente higiênico;6301015;Absorvente higiênico;1;0;0;0;0;0;0;0;0;0;1;1;0;0;1;1;1;1;1
6301016.Sabonete;6301016;Sabonete;1;0;0;0;0;0;0;0;0;0;1;1;0;0;1;1;1;1;1
6301017.Papel higiênico;6301017;Papel higiênico;1;0;0;0;0;0;0;0;0;0;1;1;0;0;1;1;1;1;1
6301020.Artigos de maquiagem;6301020;Artigos de maquiagem;1;0;0;0;0;0;0;0;0;0;1;1;0;0;1;1;1;1;1
7.Despesas pessoais;7;Despesas pessoais;1;0;0;0;0;0;0;0;0;0;0;0;0;0;1;1;1;1;1
71.Serviços pessoais;71;Serviços pessoais;1;0;0;0;0;1;0;1;0;0;0;0;0;1;0;1;1;0;0
7101.Serviços pessoais;7101;Serviços pessoais;1;0;0;0;0;1;0;1;0;0;0;0;0;1;0;1;1;0;0
7101001.Costureira;7101001;Costureira;1;0;0;0;0;1;1;0;0;0;0;0;0;1;0;1;1;1;1
7101005.Manicure;7101005;Manicure;1;0;0;0;0;1;1;0;0;0;0;0;0;1;0;1;1;1;1
7101010.Empregado doméstico;7101010;Empregado doméstico;1;0;0;0;0;1;0;1;0;0;0;0;0;1;0;1;1;0;0
7101011.Cabeleireiro e barbeiro;7101011;Cabeleireiro e barbeiro;1;0;0;0;0;1;1;0;0;0;0;0;0;1;0;1;1;1;1
7101014.Depilação;7101014;Depilação;1;0;0;0;0;1;1;0;0;0;0;0;0;1;0;1;1;1;1
7101034.Cartório;7101034;Cartório;0;0;0;0;0;0;0;0;0;0;0;0;1;0;0;0;1;0;0
7101036.Despachante;7101036;Despachante;1;0;0;0;0;1;1;0;0;0;0;0;0;1;0;1;1;1;1
7101076.Serviço bancário;7101076;Serviço bancário;1;0;0;0;0;1;1;0;0;0;0;0;0;1;0;1;1;1;1
7101090.Conselho de classe;7101090;Conselho de classe;0;0;0;0;0;0;0;0;0;0;0;0;1;0;0;0;1;0;0
7101144.Sobrancelha;7101144;Sobrancelha;1;0;0;0;0;1;1;0;0;0;0;0;0;1;0;1;1;1;1
72.Recreação e fumo;72;Recreação e fumo;1;0;0;0;0;0;0;0;0;0;0;0;0;0;1;1;1;1;1
7201.Recreação;7201;Recreação;1;0;0;0;0;1;0;1;0;0;0;0;0;1;0;1;1;0;0
7201006.Clube;7201006;Clube;1;0;0;0;0;1;1;0;0;0;0;0;0;1;0;1;1;1;1
7201010.Instrumento musical;7201010;Instrumento musical;1;0;0;0;0;0;0;0;1;0;0;1;0;0;1;1;1;1;1
7201015.Tratamento de animais (clínica);7201015;Tratamento de animais (clínica);1;0;0;0;0;1;1;0;0;0;0;0;0;1;0;1;1;1;1
7201019.Bicicleta;7201019;Bicicleta;1;0;0;0;0;0;0;0;1;0;0;1;0;0;1;1;1;1;1
7201020.Alimento para animais;7201020;Alimento para animais;1;0;0;0;0;0;0;0;0;0;1;1;0;1;0;1;1;1;1
7201023.Brinquedo;7201023;Brinquedo;1;0;0;0;0;0;0;0;0;1;0;1;0;0;1;1;1;1;1
7201054.Casa noturna;7201054;Casa noturna;1;0;0;0;0;1;1;0;0;0;0;0;0;1;0;1;1;1;1
7201063.Jogos de azar;7201063;Jogos de azar;0;0;0;0;0;0;0;0;0;0;0;0;1;0;0;0;1;0;0
7201067.Material de caça e pesca;7201067;Material de caça e pesca;1;0;0;0;0;0;0;0;0;1;0;1;0;0;1;1;1;1;1
7201090.Hospedagem;7201090;Hospedagem;1;0;0;0;0;1;0;1;0;0;0;0;0;1;0;1;1;0;0
7201095.Pacote turístico;7201095;Pacote turístico;1;0;0;0;0;1;0;1;0;0;0;0;0;1;0;1;1;0;0
7201256.Serviço de higiene para animais;7201256;Serviço de higiene para animais;1;0;0;0;0;1;1;0;0;0;0;0;0;1;0;1;1;1;1
7201266.Cinema, teatro e concertos;7201266;Cinema, teatro e concertos;1;0;0;0;0;1;1;0;0;0;0;0;0;1;0;1;1;1;1
7202.Fumo;7202;Fumo;1;0;0;0;0;0;0;0;0;0;0;0;0;0;1;1;1;0;0
7202041.Cigarro;7202041;Cigarro;1;0;0;0;0;0;0;0;0;0;1;1;0;0;1;1;1;0;0
8.Educação;8;Educação;1;0;0;0;0;0;0;0;0;0;0;0;0;0;1;1;1;1;1
81.Cursos, leitura e papelaria;81;Cursos, leitura e papelaria;1;0;0;0;0;0;0;0;0;0;0;0;0;0;1;1;1;1;1
8101.Cursos regulares;8101;Cursos regulares;1;0;0;0;0;1;0;1;0;0;0;0;0;1;0;1;1;0;0
8101001.Creche;8101001;Creche;1;0;0;0;0;1;0;1;0;0;0;0;0;1;0;1;1;0;0
8101002.Pré-escola;8101002;Pré-escola;1;0;0;0;0;1;0;1;0;0;0;0;0;1;0;1;1;0;0
8101003.Ensino fundamental;8101003;Ensino fundamental;1;0;0;0;0;1;0;1;0;0;0;0;0;1;0;1;1;0;0
8101004.Ensino médio;8101004;Ensino médio;1;0;0;0;0;1;0;1;0;0;0;0;0;1;0;1;1;0;0
8101005.Ensino superior;8101005;Ensino superior;1;0;0;0;0;1;0;1;0;0;0;0;0;1;0;1;1;0;0
8101006.Pós-graduação;8101006;Pós-graduação;1;0;0;0;0;1;0;1;0;0;0;0;0;1;0;1;1;0;0
8101008.Educação de jovens e adultos;8101008;Educação de jovens e adultos;1;0;0;0;0;1;0;1;0;0;0;0;0;1;0;1;1;0;0
8101045.Curso técnico;8101045;Curso técnico;1;0;0;0;0;1;0;1;0;0;0;0;0;1;0;1;1;0;0
8102.Leitura;8102;Leitura;1;0;0;0;0;0;0;0;0;0;0;0;0;1;0;1;1;1;1
8102001.Jornal diário;8102001;Jornal diário;1;0;0;0;0;0;0;0;0;0;1;1;0;1;0;1;1;1;1
8102004.Revista;8102004;Revista;1;0;0;0;0;0;0;0;0;0;1;1;0;1;0;1;1;1;1
8102007.Livro didático;8102007;Livro didático;1;0;0;0;0;0;0;0;0;1;0;1;0;1;0;1;1;1;1
8102008.Livro não didático;8102008;Livro não didático;1;0;0;0;0;0;0;0;0;1;0;1;0;1;0;1;1;1;1
8103.Papelaria;8103;Papelaria;1;0;0;0;0;0;0;0;0;0;0;0;0;0;1;1;1;1;1
8103001.Caderno;8103001;Caderno;1;0;0;0;0;0;0;0;0;0;1;1;0;0;1;1;1;1;1
8103014.Artigos de papelaria;8103014;Artigos de papelaria;1;0;0;0;0;0;0;0;0;0;1;1;0;0;1;1;1;1;1
8104.Cursos diversos;8104;Cursos diversos;1;0;0;0;0;1;0;1;0;0;0;0;0;1;0;1;1;0;0
8104001.Curso preparatório;8104001;Curso preparatório;1;0;0;0;0;1;0;1;0;0;0;0;0;1;0;1;1;0;0
8104003.Curso de idioma;8104003;Curso de idioma;1;0;0;0;0;1;0;1;0;0;0;0;0;1;0;1;1;0;0
8104004.Curso de informática;8104004;Curso de informática;1;0;0;0;0;1;0;1;0;0;0;0;0;1;0;1;1;0;0
8104005.Autoescola;8104005;Autoescola;1;0;0;0;0;1;0;1;0;0;0;0;0;1;0;1;1;0;0
8104006.Atividades físicas;8104006;Atividades físicas;1;0;0;0;0;1;0;1;0;0;0;0;0;1;0;1;1;0;0
9.Comunicação;9;Comunicação;1;0;0;0;0;0;0;0;0;0;0;0;0;0;1;1;1;1;1
91.Comunicação;91;Comunicação;1;0;0;0;0;0;0;0;0;0;0;0;0;0;1;1;1;1;1
9101.Comunicação;9101;Comunicação;1;0;0;0;0;0;0;0;0;0;0;0;0;0;1;1;1;1;1
9101001.Correio;9101001;Correio;0;0;0;0;0;0;0;0;0;0;0;0;1;0;0;0;1;0;0
9101002.Plano de telefonia fixa;9101002;Plano de telefonia fixa;0;0;0;0;0;0;0;0;0;0;0;0;1;0;0;0;1;0;0
9101008.Plano de telefonia móvel;9101008;Plano de telefonia móvel;1;0;0;0;0;1;0;1;0;0;0;0;0;1;0;1;1;0;0
9101010.Tv por assinatura;9101010;Tv por assinatura;1;0;0;0;0;1;0;1;0;0;0;0;0;1;0;1;1;0;0
9101018.Acesso à internet;9101018;Acesso à internet;1;0;0;0;0;1;0;1;0;0;0;0;0;1;0;1;1;0;0
9101019.Aparelho telefônico;9101019;Aparelho telefônico;1;0;0;0;0;0;0;0;1;0;0;1;0;0;1;1;1;1;1
9101115.Serviços de streaming;9101115;Serviços de streaming;1;0;0;0;0;1;0;1;0;0;0;0;0;1;0;1;1;0;0
9101116.Combo de telefonia, internet e tv por assinatura;9101116;Combo de telefonia, internet e tv por assinatura;1;0;0;0;0;1;0;1;0;0;0;0;0;1;0;1;1;0;0
